,Unnamed: 0,Kdex,Ndex,names,Type,Type.1,0,1,2,3,4,5,6,7,8,9,10,11,12,13,14,15,16,17,18,19,20,21,22,23,24,25,26,27,28,29,30,31,32,33,34,35
0,0,#001,#001,Bulbasaur,Grass,Poison,Vine Whip,Tackle,Take Down,Double-Edge,Growl,Leech Seed,Growth,Razor Leaf,Solar Beam,Poison Powder,Sleep Powder,Sweet Scent,Synthesis,Worry Seed,Seed Bomb,Grass Pledge,Grassy Glide,,,,,,,,,,,,,,,,,,,
1,1,#002,#002,Ivysaur,Grass,Poison,Vine Whip,Tackle,Take Down,Double-Edge,Growl,Leech Seed,Growth,Razor Leaf,Solar Beam,Poison Powder,Sleep Powder,Sweet Scent,Synthesis,Worry Seed,Seed Bomb,Grass Pledge,Grassy Glide,,,,,,,,,,,,,,,,,,,
2,2,#003,#003,Venusaur,Grass,Poison,Vine Whip,Tackle,Take Down,Double-Edge,Growl,Leech Seed,Growth,Razor Leaf,Solar Beam,Poison Powder,Sleep Powder,Petal Dance,Amnesia,Sweet Scent,Synthesis,Frenzy Plant,Worry Seed,Seed Bomb,Power Whip,Grass Pledge,Petal Blizzard,Grassy Glide,Terrain Pulse,,,,,,,,,,,,,
3,3,#004,#004,Charmander,Fire,Fire,Scratch,Leer,Growl,Ember,Flamethrower,Dragon Rage,Fire Spin,Rage,Smokescreen,Fury Swipes,Slash,Scary Face,Dragon Breath,Metal Claw,Flare Blitz,Fire Fang,Flame Burst,Inferno,Fire Pledge,,,,,,,,,,,,,,,,,
4,4,#005,#005,Charmeleon,Fire,Fire,Scratch,Leer,Growl,Ember,Flamethrower,Dragon Rage,Fire Spin,Rage,Smokescreen,Fury Swipes,Slash,Scary Face,Dragon Breath,Metal Claw,Flare Blitz,Fire Fang,Flame Burst,Inferno,Fire Pledge,,,,,,,,,,,,,,,,,
5,5,#006,#006,Charizard,Fire,Flying,Scratch,Wing Attack,Leer,Growl,Ember,Flamethrower,Counter,Dragon Rage,Fire Spin,Rage,Smokescreen,Fury Swipes,Slash,Scary Face,Dragon Breath,Metal Claw,Crunch,Heat Wave,Blast Burn,Dragon Claw,Flare Blitz,Air Slash,Shadow Claw,Fire Fang,Flame Burst,Inferno,Fire Pledge,Scale Shot,Dual Wingbeat,Scorching Sands,,,,,,
6,6,#007,#007,Squirtle,Water,Water,Headbutt,Tackle,Tail Whip,Bite*,Water Gun,Hydro Pump,Bubble Beam,Withdraw,Skull Bash,Bubble,Rapid Spin,Rain Dance,Iron Defense,Water Pulse,Aqua Tail,Shell Smash,Water Pledge,Flip Turn,,,,,,,,,,,,,,,,,,
7,7,#008,#008,Wartortle,Water,Water,Headbutt,Tackle,Tail Whip,Bite*,Water Gun,Hydro Pump,Bubble Beam,Withdraw,Skull Bash,Bubble,Rapid Spin,Rain Dance,Iron Defense,Water Pulse,Aqua Tail,Shell Smash,Water Pledge,Flip Turn,,,,,,,,,,,,,,,,,,
8,8,#009,#009,Blastoise,Water,Water,Headbutt,Tackle,Tail Whip,Bite*,Water Gun,Hydro Pump,Bubble Beam,Withdraw,Skull Bash,Bubble,Rapid Spin,Rain Dance,Fake Out,Hydro Cannon,Iron Defense,Water Pulse,Aqua Tail,Flash Cannon,Aqua Jet,Shell Smash,Water Pledge,Terrain Pulse,Flip Turn,,,,,,,,,,,,,
9,9,#010,#010,Caterpie,Bug,Bug,Tackle,String Shot,Bug Bite,,,,,,,,,,,,,,,,,,,,,,,,,,,,,,,,,
10,10,#011,#011,Metapod,Bug,Bug,Harden,,,,,,,,,,,,,,,,,,,,,,,,,,,,,,,,,,,
11,11,#012,#012,Butterfree,Bug,Flying,Gust*,Whirlwind,Tackle,Supersonic,Psybeam,Poison Powder,Stun Spore,Sleep Powder,String Shot,Confusion,Harden,Safeguard,Silver Wind,Tailwind,Air Slash,Bug Buzz,Captivate,Bug Bite,Rage Powder,Quiver Dance,Dual Wingbeat,,,,,,,,,,,,,,,
12,12,#013,#013,Weedle,Bug,Poison,Poison Sting,String Shot,Bug Bite,,,,,,,,,,,,,,,,,,,,,,,,,,,,,,,,,
13,13,#014,#014,Kakuna,Bug,Poison,Harden,,,,,,,,,,,,,,,,,,,,,,,,,,,,,,,,,,,
14,14,#015,#015,Beedrill,Bug,Poison,Fury Attack,Poison Sting,Twineedle,Pin Missile,Peck,String Shot,Agility,Rage,Harden,Focus Energy,Outrage,Fury Cutter,Pursuit,Endeavor,Assurance,Toxic Spikes,Poison Jab,Bug Bite,Venoshock,Fell Stinger,Laser Focus,,,,,,,,,,,,,,,
15,15,#016,#016,Pidgey,Normal,Flying,Razor Wind,Gust*,Wing Attack,Whirlwind,Sand Attack*,Tackle,Agility,Quick Attack,Mirror Move,Twister,Feather Dance,Aerial Ace,Roost,Tailwind,Air Slash,Hurricane,,,,,,,,,,,,,,,,,,,,
16,16,#017,#017,Pidgeotto,Normal,Flying,Razor Wind,Gust*,Wing Attack,Whirlwind,Sand Attack*,Tackle,Agility,Quick Attack,Mirror Move,Twister,Feather Dance,Aerial Ace,Roost,Tailwind,Air Slash,Hurricane,,,,,,,,,,,,,,,,,,,,
17,17,#018,#018,Pidgeot,Normal,Flying,Razor Wind,Gust*,Wing Attack,Whirlwind,Sand Attack*,Tackle,Agility,Quick Attack,Mirror Move,Sky Attack,Twister,Heat Wave,Feather Dance,Aerial Ace,Roost,Tailwind,Air Slash,Hurricane,,,,,,,,,,,,,,,,,,
18,18,#019,#019,Rattata,Normal,Normal,Tackle,Take Down,Double-Edge,Tail Whip,Bite*,Quick Attack,Focus Energy,Hyper Fang,Super Fang,Pursuit,Crunch,Endeavor,Assurance,Sucker Punch,Laser Focus,,,,,,,,,,,,,,,,,,,,,
20,20,#020,#020,Raticate,Normal,Normal,Wing Attack,Fury Attack,Take Down,Leer,Growl,Peck,Drill Peck,Agility,Focus Energy,Mirror Move,Pursuit,Aerial Ace,Roost,Assurance,,,,,,,,,,,,,,,,,,,,,,
22,22,#021,#021,Spearow,Normal,Flying,Slam,Wrap,Poison Sting,Leer,Bite*,Acid,Toxic,Screech,Haze,Glare,Sludge Bomb,Stockpile,Spit Up,Swallow,Gastro Acid,Poison Jab,Mud Bomb,Gunk Shot,Coil,Acid Spray,Belch,,,,,,,,,,,,,,,
23,23,#022,#022,Fearow,Normal,Flying,Slam,Wrap,Poison Sting,Leer,Bite*,Acid,Toxic,Screech,Haze,Glare,Sludge Bomb,Crunch,Stockpile,Spit Up,Swallow,Gastro Acid,Sucker Punch,Poison Jab,Thunder Fang,Ice Fang,Fire Fang,Mud Bomb,Gunk Shot,Coil,Acid Spray,Belch,,,,,,,,,,
24,24,#023,#023,Ekans,Poison,Poison,Slam,Double Kick,Tail Whip,Growl,Thunder Shock,Thunderbolt,Thunder Wave,Thunder,Agility,Quick Attack,Double Team,Light Screen,Swift,Sweet Kiss*,Charm*,Spark,Iron Tail,Feint,Nasty Plot,Discharge,Wild Charge,Play Nice,Nuzzle,Rising Voltage,,,,,,,,,,,,
25,25,#024,#024,Arbok,Poison,Poison,Thunder Punch,Slam,Tail Whip,Growl,Thunder Shock,Thunderbolt,Thunder Wave,Thunder,Agility,Quick Attack,Double Team,Light Screen,Sweet Kiss*,Charm*,Spark,Encore,Iron Tail,Fake Out,Feint,Nasty Plot,Discharge,Play Nice,Nuzzle,Rising Voltage,,,,,,,,,,,,
26,26,#025,#025,Pikachu,Electric,Electric,Scratch,Swords Dance,Sand Attack*,Poison Sting,Earthquake,Dig,Agility,Defense Curl,Swift,Fury Swipes,Slash,Sandstorm,Rollout,Fury Cutter,Magnitude,Rapid Spin,Sand Tomb,Gyro Ball,Bulldoze,Steel Roller,Scorching Sands,,,,,,,,,,,,,,,
27,27,#026,#026,Raichu,Electric,Electric,Scratch,Swords Dance,Sand Attack*,Poison Sting,Counter,Earthquake,Dig,Agility,Defense Curl,Swift,Fury Swipes,Slash,Sandstorm,Rollout,Fury Cutter,Magnitude,Rapid Spin,Crush Claw,Sand Tomb,Gyro Ball,Bulldoze,Steel Roller,Scorching Sands,,,,,,,,,,,,,
29,29,#027,#027,Sandshrew,Ground,Ground,Scratch,Double Kick,Tackle,Tail Whip,Poison Sting,Bite*,Growl,Toxic,Fury Swipes,Super Fang,Crunch,Flatter,Helping Hand,Poison Fang,Toxic Spikes,Earth Power,Captivate,,,,,,,,,,,,,,,,,,,
31,31,#028,#028,Sandslash,Ground,Ground,Double Kick,Horn Attack,Fury Attack,Horn Drill,Tackle,Poison Sting,Leer,Peck,Toxic,Focus Energy,Flatter,Helping Hand,Toxic Spikes,Poison Jab,Earth Power,Captivate,,,,,,,,,,,,,,,,,,,,
33,33,#029,#029,Nidoran female,Poison,Poison,Double Kick,Horn Attack,Fury Attack,Tackle,Thrash,Poison Sting,Leer,Supersonic,Peck,Counter,Toxic,Focus Energy,Megahorn,Flatter,Helping Hand,Toxic Spikes,Poison Jab,Earth Power,Sludge Wave,Chip Away,Scorching Sands,,,,,,,,,,,,,,,
34,34,#030,#030,Nidorina,Poison,Poison,Pound,Double Slap,Body Slam,Double-Edge,Growl,Sing,Psychic,Defense Curl,Light Screen,Amnesia,Splash,Sweet Kiss*,Charm*,Encore,Moonlight*,Follow Me,Meteor Mash,Cosmic Power,Calm Mind,Gravity,Wake-Up Slap,Healing Wish,Lucky Chant,After You,Stored Power,Bestow,Disarming Voice,Draining Kiss,Fairy Wind,Moonblast,Baby-Doll Eyes,Spotlight,Life Dew,Meteor Beam,Misty Explosion,Dual Wingbeat
35,35,#031,#031,Nidoqueen,Poison,Ground,Pound,Double Slap,Double-Edge,Growl,Sing,Psychic,Defense Curl,Splash,Sweet Kiss*,Charm*,Encore,Moonlight*,Follow Me,Meteor Mash,Cosmic Power,Calm Mind,Gravity,Healing Wish,After You,Stored Power,Disarming Voice,Draining Kiss,Fairy Wind,Moonblast,Baby-Doll Eyes,Spotlight,Life Dew,Meteor Beam,Misty Explosion,Dual Wingbeat,,,,,,
36,36,#032,#032,Nidoran male,Poison,Poison,Tackle,Tail Whip,Roar,Disable,Ember,Flamethrower,Fire Spin,Quick Attack,Confuse Ray,Fire Blast,Flame Wheel,Spite,Feint Attack,Safeguard,Will-O-Wisp,Imprison,Grudge,Extrasensory,Payback,Nasty Plot,Captivate,Flame Burst,Hex,Incinerate,Inferno,Baby-Doll Eyes,Burning Jealousy,,,,,,,,,
37,37,#033,#033,Nidorino,Poison,Poison,Tackle,Tail Whip,Roar,Disable,Ember,Flamethrower,Fire Spin,Hypnosis,Quick Attack,Confuse Ray,Fire Blast,Flame Wheel,Spite,Safeguard,Will-O-Wisp,Imprison,Grudge,Extrasensory,Nasty Plot,Hex,Incinerate,Inferno,Burning Jealousy,Scorching Sands,,,,,,,,,,,,
38,38,#034,#034,Nidoking,Poison,Ground,Pound,Double Slap,Body Slam,Double-Edge,Sing,Disable,Mimic,Defense Curl,Bide,Rest,Sweet Kiss*,Charm*,Rollout,Stockpile,Spit Up,Swallow,Hyper Voice,Covet,Wake-Up Slap,Gyro Ball,Round,Echoed Voice,Disarming Voice,Play Rough,Play Nice,Steel Roller,Misty Explosion,,,,,,,,,
39,39,#035,#035,Clefairy,Fairy,Fairy,Pound,Double Slap,Body Slam,Double-Edge,Sing,Disable,Mimic,Defense Curl,Bide,Rest,Sweet Kiss*,Charm*,Stockpile,Spit Up,Swallow,Hyper Voice,Covet,Gyro Ball,Round,Echoed Voice,Disarming Voice,Play Rough,Expanding Force,Steel Roller,Misty Explosion,,,,,,,,,,,
40,40,#036,#036,Clefable,Fairy,Fairy,Gust*,Wing Attack,Bite*,Supersonic,Absorb,Toxic,Hypnosis,Confuse Ray,Haze,Swift,Leech Life,Mean Look,Poison Fang,Astonish,Air Cutter,Air Slash,Cross Poison,Venoshock,Quick Guard,Acrobatics,,,,,,,,,,,,,,,,
41,41,#037,#037,Vulpix,Fire,Fire,Gust*,Wing Attack,Whirlwind,Bite*,Supersonic,Absorb,Toxic,Hypnosis,Quick Attack,Screech,Confuse Ray,Haze,Swift,Leech Life,Mean Look,Crunch,Poison Fang,Astonish,Air Cutter,Air Slash,Cross Poison,Venoshock,Quick Guard,Acrobatics,,,,,,,,,,,,
43,43,#038,#038,Ninetales,Fire,Fire,Acid,Absorb,Mega Drain,Growth,Razor Leaf,Solar Beam,Poison Powder,Stun Spore,Sleep Powder,Petal Dance,Toxic,Giga Drain,Sweet Scent,Moonlight*,Lucky Chant,Petal Blizzard,Grassy Terrain,Moonblast,Grassy Glide,,,,,,,,,,,,,,,,,
45,45,#039,#039,Jigglypuff,Normal,Fairy,Scratch,Absorb,Growth,Poison Powder,Stun Spore,Sleep Powder,Leech Life,Spore,Fury Swipes,Slash,Giga Drain,Fury Cutter,Aromatherapy,X-Scissor,Energy Ball,Venoshock,Rage Powder,,,,,,,,,,,,,,,,,,,
46,46,#040,#040,Wigglytuff,Normal,Fairy,Scratch,Absorb,Leech Seed,Growth,Poison Powder,Stun Spore,Sleep Powder,Screech,Leech Life,Spore,Fury Swipes,Slash,Giga Drain,Fury Cutter,Aromatherapy,X-Scissor,Energy Ball,Cross Poison,Venoshock,Rage Powder,,,,,,,,,,,,,,,,
47,47,#041,#041,Zubat,Poison,Flying,Tackle,Supersonic,Disable,Psybeam,Mega Drain,Poison Powder,Stun Spore,Sleep Powder,Confusion,Psychic,Leech Life,Foresight,Poison Fang,Signal Beam,Zen Headbutt,Struggle Bug,,,,,,,,,,,,,,,,,,,,
48,48,#042,#042,Golbat,Poison,Flying,Gust*,Whirlwind,Tackle,Supersonic,Disable,Psybeam,Mega Drain,Poison Powder,Stun Spore,Sleep Powder,Confusion,Psychic,Agility,Screech,Leech Life,Foresight,Poison Fang,Silver Wind,Signal Beam,Bug Buzz,Zen Headbutt,Quiver Dance,Struggle Bug,,,,,,,,,,,,,
49,49,#043,#043,Oddish,Grass,Poison,Scratch,Sand Attack*,Growl,Earthquake,Fissure,Dig,Agility,Fury Swipes,Slash,Mud-Slap,Sandstorm,Magnitude,Astonish,Sucker Punch,Earth Power,Mud Bomb,Bulldoze,Scorching Sands,,,,,,,,,,,,,,,,,,
50,50,#044,#044,Gloom,Grass,Poison,Scratch,Sand Attack*,Growl,Earthquake,Fissure,Dig,Agility,Screech,Fury Swipes,Tri Attack,Slash,Mud-Slap,Sandstorm,Magnitude,Astonish,Sand Tomb,Sucker Punch,Night Slash,Earth Power,Mud Bomb,Bulldoze,Rototiller,Scorching Sands,,,,,,,,,,,,,
51,51,#045,#045,Vileplume,Grass,Poison,Pay Day,Scratch,Bite*,Growl,Screech,Fury Swipes,Slash,Feint Attack,Swagger,Fake Out,Taunt,Feint,Assurance,Night Slash,Nasty Plot,Captivate,Play Rough,Lash Out,,,,,,,,,,,,,,,,,,
52,52,#046,#046,Paras,Bug,Grass,Pay Day,Scratch,Bite*,Growl,Hypnosis,Screech,Swift,Amnesia,Fury Swipes,Slash,Feint Attack,Swagger,Fake Out,Taunt,Feint,Assurance,Night Slash,Power Gem,Switcheroo,Nasty Plot,Captivate,Play Rough,Skitter Smack,Lash Out,,,,,,,,,,,,
53,53,#047,#047,Parasect,Bug,Grass,Scratch,Tail Whip,Disable,Water Gun,Hydro Pump,Surf,Psybeam,Confusion,Hypnosis,Screech,Amnesia,Bubble,Fury Swipes,Psych Up,Water Sport,Water Pulse,Aqua Tail,Zen Headbutt,Wonder Room,Soak,,,,,,,,,,,,,,,,
54,54,#048,#048,Venonat,Bug,Poison,Scratch,Tail Whip,Disable,Water Gun,Hydro Pump,Surf,Psybeam,Confusion,Hypnosis,Screech,Amnesia,Bubble,Fury Swipes,Encore,Psych Up,Yawn,Water Sport,Water Pulse,Aqua Tail,Zen Headbutt,Aqua Jet,Wonder Room,Soak,Flip Turn,,,,,,,,,,,,
55,55,#049,#049,Venomoth,Bug,Poison,Karate Chop*,Scratch,Thrash,Leer,Seismic Toss,Screech,Focus Energy,Skull Bash,Fury Swipes,Mud-Slap,Outrage,Swagger,Pursuit,Cross Chop,Taunt,Covet,U-turn,Close Combat,Assurance,Punishment,Retaliate,Final Gambit,Stomping Tantrum,,,,,,,,,,,,,
56,56,#050,#050,Diglett,Ground,Ground,Karate Chop*,Scratch,Thrash,Leer,Counter,Seismic Toss,Rage,Screech,Focus Energy,Skull Bash,Fury Swipes,Mud-Slap,Outrage,Swagger,Encore,Pursuit,Cross Chop,Taunt,Covet,U-turn,Close Combat,Assurance,Fling,Punishment,Retaliate,Final Gambit,Stomping Tantrum,,,,,,,,,
58,58,#051,#051,Dugtrio,Ground,Ground,Take Down,Double-Edge,Leer,Bite*,Roar,Ember,Flamethrower,Agility,Flame Wheel,Crunch,Extreme Speed,Helping Hand,Odor Sleuth,Howl,Flare Blitz,Thunder Fang,Fire Fang,Retaliate,Play Rough,Burn Up,Scorching Sands,,,,,,,,,,,,,,,
60,60,#052,#052,Meowth,Normal,Normal,Pound,Double Slap,Body Slam,Double-Edge,Water Gun,Hydro Pump,Bubble Beam,Hypnosis,Amnesia,Bubble,Belly Drum,Rain Dance,Mud Shot,Water Sport,Wake-Up Slap,Earth Power,Mud Bomb,,,,,,,,,,,,,,,,,,,
63,63,#053,#053,Persian,Normal,Normal,Disable,Psybeam,Confusion,Psychic,Hypnosis,Teleport,Night Shade,Recover,Reflect,Kinesis,Flash,Future Sight,Trick,Role Play,Calm Mind,Miracle Eye,Psycho Cut,Zen Headbutt,Psyshock,Telekinesis,Ally Switch,Expanding Force,,,,,,,,,,,,,,
65,65,#054,#054,Psyduck,Water,Water,Karate Chop*,Double-Edge,Leer,Submission,Seismic Toss,Strength,Focus Energy,Bide,Mach Punch,Scary Face,Foresight,Dynamic Punch,Vital Throw,Cross Chop,Rock Smash,Superpower,Revenge,Brick Break,Knock Off,Bulk Up,Wake-Up Slap,Close Combat,Bullet Punch,Double Hit,Low Sweep,Dual Chop,Coaching,,,,,,,,,
66,66,#055,#055,Golduck,Water,Water,Karate Chop*,Double-Edge,Leer,Submission,Seismic Toss,Strength,Focus Energy,Bide,Mach Punch,Scary Face,Foresight,Dynamic Punch,Vital Throw,Cross Chop,Rock Smash,Superpower,Revenge,Brick Break,Knock Off,Bulk Up,Wake-Up Slap,Close Combat,Bullet Punch,Double Hit,Low Sweep,Dual Chop,Coaching,,,,,,,,,
67,67,#056,#056,Mankey,Fighting,Fighting,Karate Chop*,Double-Edge,Leer,Submission,Counter,Seismic Toss,Strength,Focus Energy,Bide,Mach Punch,Scary Face,Foresight,Dynamic Punch,Encore,Vital Throw,Cross Chop,Rock Smash,Superpower,Revenge,Brick Break,Knock Off,Bulk Up,Wake-Up Slap,Close Combat,Drain Punch,Bullet Punch,Double Hit,Wide Guard,Low Sweep,Dual Chop,Coaching,,,,,
68,68,#057,#057,Primeape,Fighting,Fighting,Slam,Vine Whip,Wrap,Acid,Growth,Razor Leaf,Poison Powder,Stun Spore,Sleep Powder,Sweet Scent,Knock Off,Wring Out,Gastro Acid,Poison Jab,,,,,,,,,,,,,,,,,,,,,,
69,69,#058,#058,Growlithe,Fire,Fire,Slam,Vine Whip,Wrap,Acid,Growth,Razor Leaf,Poison Powder,Stun Spore,Sleep Powder,Sweet Scent,Knock Off,Wring Out,Gastro Acid,Poison Jab,,,,,,,,,,,,,,,,,,,,,,
71,71,#059,#059,Arcanine,Fire,Fire,Wrap,Poison Sting,Supersonic,Acid,Water Gun,Hydro Pump,Surf,Bubble Beam,Screech,Barrier,Constrict,Bubble,Acid Armor,Water Pulse,Brine,Wring Out,Toxic Spikes,Poison Jab,Sludge Wave,Acid Spray,Hex,,,,,,,,,,,,,,,
73,73,#060,#060,Poliwag,Water,Water,Sand Attack*,Tackle,Take Down,Double-Edge,Rock Throw,Earthquake,Harden,Defense Curl,Bide,Self-Destruct,Explosion,Rock Slide,Mud-Slap,Sandstorm,Rollout,Magnitude,Mud Sport,Iron Defense,Rock Blast,Rock Polish,Stone Edge,Smack Down,Bulldoze,,,,,,,,,,,,,
74,74,#061,#061,Poliwhirl,Water,Water,Sand Attack*,Tackle,Take Down,Double-Edge,Rock Throw,Earthquake,Harden,Defense Curl,Bide,Self-Destruct,Explosion,Rock Slide,Mud-Slap,Sandstorm,Rollout,Magnitude,Mud Sport,Iron Defense,Rock Blast,Rock Polish,Stone Edge,Smack Down,Bulldoze,,,,,,,,,,,,,
75,75,#062,#062,Poliwrath,Water,Fighting,Mega Punch,Sand Attack*,Tackle,Take Down,Double-Edge,Rock Throw,Earthquake,Harden,Defense Curl,Bide,Self-Destruct,Explosion,Rock Slide,Mud-Slap,Sandstorm,Rollout,Magnitude,Mud Sport,Iron Defense,Rock Blast,Rock Polish,Stone Edge,Smack Down,Bulldoze,Steamroller,,,,,,,,,,,
76,76,#063,#063,Abra,Psychic,Psychic,Stomp,Double Kick,Tackle,Take Down,Double-Edge,Tail Whip,Growl,Ember,Fire Spin,Hypnosis,Agility,Quick Attack,Fire Blast,Flame Wheel,Bounce,Flare Blitz,Double Hit,Flame Charge,Inferno,,,,,,,,,,,,,,,,,
77,77,#064,#064,Kadabra,Psychic,Psychic,Stomp,Double Kick,Fury Attack,Horn Drill,Tackle,Take Down,Double-Edge,Tail Whip,Growl,Ember,Fire Spin,Hypnosis,Agility,Quick Attack,Fire Blast,Flame Wheel,Megahorn,Bounce,Flare Blitz,Poison Jab,Double Hit,Flame Charge,Inferno,Smart Strike,Scorching Sands,,,,,,,,,,,
78,78,#065,#065,Alakazam,Psychic,Psychic,Headbutt,Tackle,Growl,Disable,Water Gun,Surf,Confusion,Psychic,Amnesia,Rest,Curse*,Rain Dance,Psych Up,Yawn,Slack Off,Water Pulse,Zen Headbutt,Heal Pulse,Expanding Force,,,,,,,,,,,,,,,,,
79,79,#066,#066,Machop,Fighting,Fighting,Stomp,Headbutt,Tackle,Growl,Disable,Water Gun,Surf,Confusion,Psychic,Withdraw,Amnesia,Rest,Curse*,Rain Dance,Psych Up,Yawn,Slack Off,Water Pulse,Zen Headbutt,Heal Pulse,Expanding Force,,,,,,,,,,,,,,,
80,80,#067,#067,Machoke,Fighting,Fighting,Tackle,Supersonic,Sonic Boom,Thunder Shock,Thunderbolt,Thunder Wave,Thunder,Screech,Light Screen,Swift,Zap Cannon,Lock-On,Spark,Metal Sound,Gyro Ball,Magnet Rise,Mirror Shot,Flash Cannon,Discharge,Magnet Bomb,Steel Beam,Rising Voltage,,,,,,,,,,,,,,
81,81,#068,#068,Machamp,Fighting,Fighting,Tackle,Supersonic,Sonic Boom,Thunder Shock,Thunderbolt,Thunder Wave,Thunder,Screech,Light Screen,Swift,Tri Attack,Zap Cannon,Lock-On,Spark,Metal Sound,Gyro Ball,Magnet Rise,Mirror Shot,Flash Cannon,Discharge,Magnet Bomb,Electric Terrain,Steel Beam,Rising Voltage,,,,,,,,,,,,
82,82,#069,#069,Bellsprout,Grass,Poison,Swords Dance,Cut,Sand Attack*,Fury Attack,Leer,Peck,Razor Leaf,Agility,Quick Attack,Focus Energy,Mirror Move,Sky Attack,Slash,False Swipe,Fury Cutter,Knock Off,Air Cutter,Aerial Ace,Leaf Blade,Feint,Poison Jab,Night Slash,Air Slash,Brave Bird,Acrobatics,Dual Wingbeat,,,,,,,,,,
83,83,#070,#070,Weepinbell,Grass,Poison,Swords Dance,Wing Attack,Jump Kick,Fury Attack,Thrash,Leer,Growl,Peck,Drill Peck,Agility,Quick Attack,Rage,Tri Attack,Pursuit,Uproar,Endeavor,Pluck,Acupressure,Double Hit,Lunge,,,,,,,,,,,,,,,,
84,84,#071,#071,Victreebel,Grass,Poison,Swords Dance,Wing Attack,Jump Kick,Fury Attack,Thrash,Leer,Growl,Supersonic,Peck,Drill Peck,Agility,Quick Attack,Rage,Mirror Move,Tri Attack,Pursuit,Uproar,Endeavor,Pluck,Acupressure,Double Hit,Lunge,,,,,,,,,,,,,,
85,85,#072,#072,Tentacool,Water,Poison,Headbutt,Take Down,Double-Edge,Growl,Ice Beam,Aurora Beam,Waterfall,Rest,Icy Wind,Safeguard,Encore,Hail,Dive,Water Sport,Brine,Aqua Ring,Aqua Tail,Ice Shard,Aqua Jet,,,,,,,,,,,,,,,,,
86,86,#073,#073,Tentacruel,Water,Poison,Headbutt,Horn Drill,Take Down,Double-Edge,Growl,Ice Beam,Aurora Beam,Waterfall,Rest,Icy Wind,Safeguard,Encore,Fake Out,Hail,Dive,Signal Beam,Sheer Cold,Brine,Aqua Ring,Aqua Tail,Ice Shard,Aqua Jet,,,,,,,,,,,,,,
87,87,#074,#074,Geodude,Rock,Ground,Pound,Disable,Toxic,Screech,Harden,Smog,Sludge,Poison Gas,Acid Armor,Sludge Bomb,Mud-Slap,Memento,Fling,Mud Bomb,Gunk Shot,Sludge Wave,Belch,,,,,,,,,,,,,,,,,,,
89,89,#075,#075,Graveler,Rock,Ground,Tackle,Leer,Supersonic,Water Gun,Hydro Pump,Ice Beam,Aurora Beam,Withdraw,Clamp,Whirlpool,Icicle Spear,Iron Defense,Brine,Ice Shard,Shell Smash,Razor Shell,,,,,,,,,,,,,,,,,,,,
91,91,#076,#076,Golem,Rock,Ground,Toxic,Hypnosis,Night Shade,Confuse Ray,Lick,Smog,Dream Eater,Poison Gas,Nightmare,Curse*,Spite,Destiny Bond,Mean Look,Shadow Ball,Will-O-Wisp,Astonish,Payback,Sucker Punch,Dark Pulse,Venoshock,Hex,Skitter Smack,Poltergeist,Corrosive Gas,,,,,,,,,,,,
93,93,#077,#077,Ponyta,Fire,Fire,Disable,Toxic,Hypnosis,Night Shade,Confuse Ray,Haze,Lick,Smog,Dream Eater,Poison Gas,Nightmare,Curse*,Spite,Destiny Bond,Perish Song,Mean Look,Shadow Ball,Will-O-Wisp,Astonish,Shadow Punch,Payback,Sucker Punch,Dark Pulse,Venoshock,Hex,Reflect Type,Skitter Smack,Poltergeist,Corrosive Gas,Power Shift,,,,,,
95,95,#078,#078,Rapidash,Fire,Fire,Pound,Headbutt,Disable,Psybeam,Confusion,Psychic,Hypnosis,Meditate,Dream Eater,Poison Gas,Mind Reader,Swagger,Psych Up,Future Sight,Wake-Up Slap,Nasty Plot,Zen Headbutt,Psyshock,Synchronoise,,,,,,,,,,,,,,,,,
97,97,#079,#079,Slowpoke,Water,Psychic,Vise Grip,Guillotine,Swords Dance,Slam,Stomp,Leer,Water Gun,Bubble Beam,Harden,Bubble,Crabhammer,Metal Claw,Mud Sport,Mud Shot,Brine,Razor Shell,,,,,,,,,,,,,,,,,,,,
99,99,#080,#080,Slowbro,Water,Psychic,Tackle,Sonic Boom,Thunder Shock,Thunderbolt,Screech,Light Screen,Self-Destruct,Swift,Explosion,Rollout,Spark,Mirror Coat,Charge,Gyro Ball,Magnet Rise,Discharge,Charge Beam,Eerie Impulse,,,,,,,,,,,,,,,,,,
101,101,#081,#081,Magnemite,Electric,Steel,Psybeam,Absorb,Mega Drain,Leech Seed,Solar Beam,Poison Powder,Stun Spore,Sleep Powder,Confusion,Psychic,Hypnosis,Reflect,Barrage,Giga Drain,Synthesis,Uproar,Extrasensory,Bullet Seed,Worry Seed,Bestow,Grassy Glide,,,,,,,,,,,,,,,
102,102,#082,#082,Magneton,Electric,Steel,Stomp,Absorb,Mega Drain,Leech Seed,Solar Beam,Stun Spore,Confusion,Hypnosis,Reflect,Egg Bomb,Barrage,Giga Drain,Synthesis,Uproar,Extrasensory,Bullet Seed,Worry Seed,Seed Bomb,Leaf Storm,Power Whip,Wood Hammer,Psyshock,Expanding Force,Grassy Glide,Terrain Pulse,,,,,,,,,,,
103,103,#083,#083,Farfetch'd,Normal,Flying,Headbutt,Thrash,Double-Edge,Tail Whip,Leer,Growl,Rage,Focus Energy,Bone Club,Bonemerang,Mud-Slap,Bone Rush,False Swipe,Endeavor,Fling,Retaliate,Stomping Tantrum,Scorching Sands,,,,,,,,,,,,,,,,,,
105,105,#084,#084,Doduo,Normal,Flying,Double Kick,Mega Kick,Jump Kick,Rolling Kick,Tackle,Meditate,Focus Energy,High Jump Kick,Mind Reader,Foresight,Endure,Fake Out,Facade,Helping Hand,Revenge,Brick Break,Blaze Kick,Feint,Close Combat,Wide Guard,Low Sweep,Coaching,,,,,,,,,,,,,,
106,106,#085,#085,Dodrio,Normal,Flying,Comet Punch,Mega Punch,Fire Punch,Ice Punch,Thunder Punch,Tackle,Leer,Counter,Agility,Focus Energy,Swift,Dizzy Punch,Mach Punch,Detect,Pursuit,Fake Out,Focus Punch,Helping Hand,Revenge,Sky Uppercut,Feint,Close Combat,Drain Punch,Vacuum Wave,Bullet Punch,Quick Guard,Power-Up Punch,Coaching,,,,,,,,
107,107,#086,#086,Seel,Water,Water,Bind,Slam,Stomp,Wrap,Thrash,Double-Edge,Supersonic,Disable,Acid,Screech,Defense Curl,Lick,Rest,Belly Drum,Rollout,Knock Off,Refresh,Wring Out,Zen Headbutt,Power Whip,Chip Away,Bulldoze,Steel Roller,Terrain Pulse,,,,,,,,,,,,
108,108,#087,#087,Dewgong,Water,Ice,Tackle,Toxic,Smokescreen,Haze,Self-Destruct,Smog,Sludge,Poison Gas,Explosion,Sludge Bomb,Destiny Bond,Memento,Gyro Ball,Assurance,Clear Smog,Belch,Corrosive Gas,,,,,,,,,,,,,,,,,,,
109,109,#088,#088,Grimer,Poison,Poison,Tackle,Psybeam,Toxic,Screech,Smokescreen,Haze,Self-Destruct,Smog,Sludge,Poison Gas,Explosion,Sludge Bomb,Destiny Bond,Heat Wave,Memento,Gyro Ball,Assurance,Double Hit,Clear Smog,Belch,Corrosive Gas,,,,,,,,,,,,,,,
111,111,#089,#089,Muk,Poison,Poison,Stomp,Sand Attack*,Horn Attack,Fury Attack,Horn Drill,Tackle,Take Down,Double-Edge,Tail Whip,Leer,Counter,Rock Throw,Earthquake,Rock Slide,Scary Face,Megahorn,Crunch,Rock Smash,Rock Blast,Hammer Arm,Stone Edge,Smack Down,Chip Away,Bulldoze,Drill Run,High Horsepower,Meteor Beam,Scorching Sands,,,,,,,,
113,113,#090,#090,Shellder,Water,Water,Bind,Slam,Vine Whip,Absorb,Mega Drain,Leech Seed,Growth,Poison Powder,Stun Spore,Sleep Powder,Confusion,Constrict,Amnesia,Giga Drain,Ancient Power,Ingrain,Knock Off,Tickle,Wring Out,Energy Ball,Power Whip,Double Hit,Acid Spray,Grassy Terrain,Grassy Glide,,,,,,,,,,,
114,114,#091,#091,Cloyster,Water,Ice,Pound,Comet Punch,Mega Punch,Stomp,Headbutt,Tail Whip,Leer,Bite*,Growl,Rage,Focus Energy,Dizzy Punch,Outrage,Endure,Crunch,Fake Out,Last Resort,Sucker Punch,Double Hit,Chip Away,Terrain Pulse,,,,,,,,,,,,,,,
115,115,#092,#092,Gastly,Ghost,Poison,Leer,Water Gun,Hydro Pump,Bubble Beam,Agility,Smokescreen,Focus Energy,Waterfall,Bubble,Dragon Breath,Twister,Rain Dance,Dragon Dance,Brine,Dragon Pulse,Laser Focus,Scale Shot,Flip Turn,,,,,,,,,,,,,,,,,,
116,116,#093,#093,Haunter,Ghost,Poison,Leer,Disable,Water Gun,Hydro Pump,Bubble Beam,Agility,Smokescreen,Focus Energy,Waterfall,Bubble,Dragon Breath,Twister,Rain Dance,Dragon Dance,Brine,Dragon Pulse,Clear Smog,Laser Focus,Scale Shot,Flip Turn,,,,,,,,,,,,,,,,
117,117,#094,#094,Gengar,Ghost,Poison,Horn Attack,Fury Attack,Horn Drill,Tail Whip,Supersonic,Peck,Agility,Quick Attack,Waterfall,Megahorn,Water Sport,Water Pulse,Aqua Ring,Soak,Scale Shot,Flip Turn,,,,,,,,,,,,,,,,,,,,
118,118,#095,#095,Onix,Rock,Ground,Horn Attack,Fury Attack,Horn Drill,Tail Whip,Supersonic,Psybeam,Peck,Agility,Quick Attack,Waterfall,Skull Bash,Megahorn,Water Sport,Water Pulse,Aqua Ring,Poison Jab,Soak,Scale Shot,Flip Turn,,,,,,,,,,,,,,,,,
119,119,#096,#096,Drowzee,Psychic,Psychic,Tackle,Water Gun,Hydro Pump,Surf,Psybeam,Bubble Beam,Psychic,Recover,Harden,Confuse Ray,Light Screen,Swift,Psywave,Rapid Spin,Camouflage,Cosmic Power,Gyro Ball,Brine,Power Gem,Reflect Type,Flip Turn,,,,,,,,,,,,,,,
120,120,#097,#097,Hypno,Psychic,Psychic,Tackle,Water Gun,Hydro Pump,Surf,Psybeam,Bubble Beam,Psychic,Recover,Harden,Confuse Ray,Light Screen,Swift,Psywave,Rapid Spin,Cosmic Power,Brine,Power Gem,Spotlight,Expanding Force,Meteor Beam,Flip Turn,,,,,,,,,,,,,,,
121,121,#098,#098,Krabby,Water,Water,Pound,Double Slap,Psybeam,Confusion,Psychic,Hypnosis,Meditate,Mimic,Barrier,Light Screen,Reflect,Psywave,Safeguard,Baton Pass,Encore,Trick,Role Play,Recycle,Teeter Dance,Iron Defense,Magical Leaf,Calm Mind,Power Swap,Guard Swap,Sucker Punch,Zen Headbutt,Wide Guard,Quick Guard,Misty Terrain,Dazzling Gleam,Expanding Force,Power Shift,,,,
122,122,#099,#099,Kingler,Water,Water,Razor Wind,Swords Dance,Wing Attack,Leer,Agility,Quick Attack,Double Team,Focus Energy,Slash,False Swipe,Fury Cutter,Pursuit,Silver Wind,Aerial Ace,Feint,Close Combat,Night Slash,Air Slash,X-Scissor,Vacuum Wave,Double Hit,Laser Focus,Dual Wingbeat,,,,,,,,,,,,,
123,123,#100,#100,Voltorb,Electric,Electric,Pound,Double Slap,Ice Punch,Body Slam,Thrash,Sing,Blizzard,Confusion,Psychic,Screech,Lick,Lovely Kiss,Powder Snow,Sweet Kiss*,Perish Song,Mean Look,Fake Tears,Covet,Wake-Up Slap,Wring Out,Avalanche,Heart Stamp,Draining Kiss,Expanding Force,Triple Axel,,,,,,,,,,,
125,125,#101,#101,Electrode,Electric,Electric,Fire Punch,Leer,Ember,Flamethrower,Hyper Beam,Fire Spin,Smokescreen,Confuse Ray,Smog,Fire Blast,Poison Gas,Flame Wheel,Scary Face,Feint Attack,Sunny Day,Lava Plume,Flame Burst,Clear Smog,Burning Jealousy,Scorching Sands,,,,,,,,,,,,,,,,
127,127,#102,#102,Exeggcute,Grass,Psychic,Stomp,Horn Attack,Tackle,Take Down,Thrash,Double-Edge,Tail Whip,Leer,Rage,Focus Energy,Rest,Scary Face,Outrage,Swagger,Pursuit,Payback,Assurance,Giga Impact,Zen Headbutt,Work Up,Lash Out,,,,,,,,,,,,,,,
128,128,#103,#103,Exeggutor,Grass,Psychic,Tackle,Splash,,,,,,,,,,,,,,,,,,,,,,,,,,,,,,,,,,
130,130,#104,#104,Cubone,Ground,Ground,Body Slam,Growl,Sing,Mist,Water Gun,Hydro Pump,Surf,Ice Beam,Blizzard,Confuse Ray,Perish Song,Safeguard,Rain Dance,Sheer Cold,Water Pulse,Brine,Dragon Pulse,Ice Shard,Life Dew,,,,,,,,,,,,,,,,,
131,131,#105,#105,Marowak,Ground,Ground,Transform,,,,,,,,,,,,,,,,,,,,,,,,,,,,,,,,,,,
133,133,#106,#106,Hitmonlee,Fighting,Fighting,Double Kick,Sand Attack*,Tackle,Take Down,Double-Edge,Tail Whip,Bite*,Growl,Mist,Water Gun,Hydro Pump,Aurora Beam,Quick Attack,Mimic,Haze,Swift,Bubble,Acid Armor,Charm*,Baton Pass,Helping Hand,Yawn,Muddy Water,Covet,Calm Mind,Water Pulse,Last Resort,Aqua Ring,Aqua Tail,Baby-Doll Eyes,Flip Turn,,,,,
134,134,#107,#107,Hitmonchan,Fighting,Fighting,Double Kick,Sand Attack*,Tackle,Take Down,Double-Edge,Tail Whip,Pin Missile,Bite*,Growl,Thunder Shock,Thunderbolt,Thunder Wave,Thunder,Agility,Quick Attack,Mimic,Swift,Charm*,Baton Pass,Helping Hand,Yawn,Covet,Calm Mind,Last Resort,Thunder Fang,Discharge,Baby-Doll Eyes,Rising Voltage,,,,,,,,
135,135,#108,#108,Lickitung,Normal,Normal,Double Kick,Sand Attack*,Tackle,Take Down,Double-Edge,Tail Whip,Leer,Bite*,Growl,Ember,Flamethrower,Fire Spin,Quick Attack,Rage,Mimic,Focus Energy,Smog,Fire Blast,Swift,Scary Face,Charm*,Baton Pass,Helping Hand,Yawn,Covet,Calm Mind,Last Resort,Flare Blitz,Fire Fang,Lava Plume,Baby-Doll Eyes,Burning Jealousy,Scorching Sands,Power Shift,,
136,136,#109,#109,Koffing,Poison,Poison,Tackle,Psybeam,Hyper Beam,Thunder Shock,Thunderbolt,Thunder Wave,Agility,Recover,Barrier,Sharpen,Conversion,Tri Attack,Conversion 2,Zap Cannon,Lock-On,Spark,Recycle,Signal Beam,Magnet Rise,Discharge,,,,,,,,,,,,,,,,
137,137,#110,#110,Weezing,Poison,Poison,Bind,Sand Attack*,Horn Attack,Leer,Bite*,Water Gun,Hydro Pump,Surf,Rock Throw,Withdraw,Spike Cannon,Constrict,Rock Slide,Rollout,Ancient Power,Tickle,Mud Shot,Rock Blast,Brine,Shell Smash,Meteor Beam,,,,,,,,,,,,,,,
139,139,#111,#111,Rhyhorn,Ground,Rock,Scratch,Sand Attack*,Leer,Hydro Pump,Absorb,Mega Drain,Rock Throw,Harden,Leech Life,Rock Slide,Slash,Endure,Ancient Power,Metal Sound,Mud Shot,Brine,Wring Out,Stone Edge,Aqua Jet,Liquidation,Meteor Beam,,,,,,,,,,,,,,,
140,140,#112,#112,Rhydon,Ground,Rock,Scratch,Swords Dance,Sand Attack*,Leer,Hydro Pump,Absorb,Mega Drain,Rock Throw,Screech,Harden,Confuse Ray,Leech Life,Rock Slide,Slash,Endure,Fury Cutter,Ancient Power,Metal Sound,Mud Shot,Brine,Feint,Wring Out,Night Slash,Stone Edge,Aqua Jet,Liquidation,Meteor Beam,Flip Turn,,,,,,,,
141,141,#113,#113,Chansey,Normal,Normal,Wing Attack,Take Down,Bite*,Roar,Supersonic,Hyper Beam,Rock Throw,Agility,Rock Slide,Scary Face,Crunch,Ancient Power,Giga Impact,Thunder Fang,Ice Fang,Fire Fang,Iron Head,Stone Edge,Sky Drop,Meteor Beam,Dual Wingbeat,,,,,,,,,,,,,,,
142,142,#114,#114,Tangela,Grass,Grass,Headbutt,Tackle,Body Slam,Double-Edge,Bite*,Hyper Beam,Screech,Harden,Defense Curl,Lick,Amnesia,Rest,Snore,Belly Drum,Rollout,Crunch,Stockpile,Swallow,Superpower,Recycle,Yawn,Block,Covet,Hammer Arm,Fling,Last Resort,Giga Impact,Zen Headbutt,Chip Away,Bulldoze,Belch,High Horsepower,Steel Roller,Terrain Pulse,,
143,143,#115,#115,Kangaskhan,Normal,Normal,Gust*,Leer,Mist,Ice Beam,Blizzard,Peck,Agility,Reflect,Sky Attack,Mind Reader,Powder Snow,Mirror Coat,Ancient Power,Hail,Sheer Cold,Roost,Tailwind,Ice Shard,Hurricane,Freeze-Dry,Triple Axel,Dual Wingbeat,,,,,,,,,,,,,,
144,144,#116,#116,Horsea,Water,Water,Leer,Peck,Drill Peck,Thunder Shock,Thunderbolt,Thunder Wave,Thunder,Agility,Light Screen,Sky Attack,Zap Cannon,Detect,Rain Dance,Ancient Power,Charge,Roost,Pluck,Discharge,Magnetic Flux,Rising Voltage,Dual Wingbeat,,,,,,,,,,,,,,,
145,145,#117,#117,Seadra,Water,Water,Gust*,Wing Attack,Leer,Ember,Flamethrower,Peck,Solar Beam,Fire Spin,Agility,Sky Attack,Endure,Safeguard,Sunny Day,Ancient Power,Heat Wave,Roost,Air Slash,Incinerate,Hurricane,Burn Up,Burning Jealousy,Dual Wingbeat,Scorching Sands,,,,,,,,,,,,,
146,146,#118,#118,Goldeen,Water,Water,Slam,Wrap,Leer,Hyper Beam,Dragon Rage,Thunder Wave,Agility,Outrage,Safeguard,Twister,Rain Dance,Dragon Dance,Aqua Tail,Dragon Rush,Draco Meteor,Dragon Tail,Scale Shot,,,,,,,,,,,,,,,,,,,
147,147,#119,#119,Seaking,Water,Water,Slam,Wrap,Leer,Hyper Beam,Dragon Rage,Thunder Wave,Agility,Outrage,Safeguard,Twister,Rain Dance,Dragon Dance,Aqua Tail,Dragon Rush,Draco Meteor,Dragon Tail,Scale Shot,,,,,,,,,,,,,,,,,,,
148,148,#120,#120,Staryu,Water,Water,Fire Punch,Thunder Punch,Wing Attack,Slam,Wrap,Leer,Mist,Hyper Beam,Dragon Rage,Thunder Wave,Agility,Outrage,Safeguard,Twister,Rain Dance,Extreme Speed,Dragon Dance,Roost,Aqua Tail,Dragon Rush,Draco Meteor,Aqua Jet,Dragon Tail,Hurricane,Scale Shot,Dual Wingbeat,,,,,,,,,,
149,149,#121,#121,Starmie,Water,Psychic,Disable,Mist,Psybeam,Confusion,Psychic,Agility,Teleport,Recover,Confuse Ray,Barrier,Swift,Amnesia,Psywave,Safeguard,Psych Up,Ancient Power,Future Sight,Calm Mind,Miracle Eye,Power Swap,Guard Swap,Aura Sphere,Psycho Cut,Psystrike,Laser Focus,Life Dew,Expanding Force,,,,,,,,,
150,150,#122,#122,Mr. Mime,Psychic,Fairy,Pound,Mega Punch,Confusion,Psychic,Mimic,Barrier,Swift,Amnesia,Transform,Psywave,Baton Pass,Ancient Power,Imprison,Aura Sphere,Nasty Plot,Reflect Type,Life Dew,Expanding Force,Steel Roller,Scale Shot,Meteor Beam,Misty Explosion,Grassy Glide,Rising Voltage,Terrain Pulse,Skitter Smack,Burning Jealousy,Lash Out,Poltergeist,Corrosive Gas,Coaching,Flip Turn,Triple Axel,Dual Wingbeat,Scorching Sands,
152,152,#123,#123,Scyther,Bug,Flying,,,,,,,,,,,,,,,,,,,,,,,,,,,,,,,,,,,,
153,153,#124,#124,Jynx,Ice,Psychic,,,,,,,,,,,,,,,,,,,,,,,,,,,,,,,,,,,,
154,154,#125,#125,Electabuzz,Electric,Electric,,,,,,,,,,,,,,,,,,,,,,,,,,,,,,,,,,,,
155,155,#126,#126,Magmar,Fire,Fire,,,,,,,,,,,,,,,,,,,,,,,,,,,,,,,,,,,,
156,156,#127,#127,Pinsir,Bug,Bug,,,,,,,,,,,,,,,,,,,,,,,,,,,,,,,,,,,,
157,157,#128,#128,Tauros,Normal,Normal,,,,,,,,,,,,,,,,,,,,,,,,,,,,,,,,,,,,
158,158,#129,#129,Magikarp,Water,Water,,,,,,,,,,,,,,,,,,,,,,,,,,,,,,,,,,,,
159,159,#130,#130,Gyarados,Water,Flying,,,,,,,,,,,,,,,,,,,,,,,,,,,,,,,,,,,,
160,160,#131,#131,Lapras,Water,Ice,,,,,,,,,,,,,,,,,,,,,,,,,,,,,,,,,,,,
161,161,#132,#132,Ditto,Normal,Normal,,,,,,,,,,,,,,,,,,,,,,,,,,,,,,,,,,,,
162,162,#133,#133,Eevee,Normal,Normal,,,,,,,,,,,,,,,,,,,,,,,,,,,,,,,,,,,,
163,163,#134,#134,Vaporeon,Water,Water,,,,,,,,,,,,,,,,,,,,,,,,,,,,,,,,,,,,
164,164,#135,#135,Jolteon,Electric,Electric,,,,,,,,,,,,,,,,,,,,,,,,,,,,,,,,,,,,
165,165,#136,#136,Flareon,Fire,Fire,,,,,,,,,,,,,,,,,,,,,,,,,,,,,,,,,,,,
166,166,#137,#137,Porygon,Normal,Normal,,,,,,,,,,,,,,,,,,,,,,,,,,,,,,,,,,,,
167,167,#138,#138,Omanyte,Rock,Water,,,,,,,,,,,,,,,,,,,,,,,,,,,,,,,,,,,,
168,168,#139,#139,Omastar,Rock,Water,,,,,,,,,,,,,,,,,,,,,,,,,,,,,,,,,,,,
169,169,#140,#140,Kabuto,Rock,Water,,,,,,,,,,,,,,,,,,,,,,,,,,,,,,,,,,,,
170,170,#141,#141,Kabutops,Rock,Water,,,,,,,,,,,,,,,,,,,,,,,,,,,,,,,,,,,,
171,171,#142,#142,Aerodactyl,Rock,Flying,,,,,,,,,,,,,,,,,,,,,,,,,,,,,,,,,,,,
172,172,#143,#143,Snorlax,Normal,Normal,,,,,,,,,,,,,,,,,,,,,,,,,,,,,,,,,,,,
173,173,#144,#144,Articuno,Ice,Flying,,,,,,,,,,,,,,,,,,,,,,,,,,,,,,,,,,,,
175,175,#145,#145,Zapdos,Electric,Flying,,,,,,,,,,,,,,,,,,,,,,,,,,,,,,,,,,,,
177,177,#146,#146,Moltres,Fire,Flying,,,,,,,,,,,,,,,,,,,,,,,,,,,,,,,,,,,,
179,179,#147,#147,Dratini,Dragon,Dragon,,,,,,,,,,,,,,,,,,,,,,,,,,,,,,,,,,,,
180,180,#148,#148,Dragonair,Dragon,Dragon,,,,,,,,,,,,,,,,,,,,,,,,,,,,,,,,,,,,
181,181,#149,#149,Dragonite,Dragon,Flying,,,,,,,,,,,,,,,,,,,,,,,,,,,,,,,,,,,,
182,182,#150,#150,Mewtwo,Psychic,Psychic,,,,,,,,,,,,,,,,,,,,,,,,,,,,,,,,,,,,
183,183,#151,#151,Mew,Psychic,Psychic,,,,,,,,,,,,,,,,,,,,,,,,,,,,,,,,,,,,
19,,,,,,,Swords Dance,Tackle,Take Down,Double-Edge,Tail Whip,Bite*,Counter,Quick Attack,Focus Energy,Fury Swipes,Hyper Fang,Super Fang,Scary Face,Pursuit,Crunch,Endeavor,Assurance,Sucker Punch,Laser Focus,,,,,,,,,,,,,,,,,
21,,,,,,,Wing Attack,Fury Attack,Take Down,Leer,Growl,Peck,Drill Peck,Agility,Quick Attack,Focus Energy,Mirror Move,Sky Attack,Pursuit,Aerial Ace,Roost,Pluck,Assurance,Drill Run,,,,,,,,,,,,,,,,,,
28,,,,,,,Scratch,Double Kick,Tackle,Tail Whip,Poison Sting,Bite*,Growl,Toxic,Fury Swipes,Super Fang,Crunch,Flatter,Helping Hand,Poison Fang,Toxic Spikes,Earth Power,Captivate,,,,,,,,,,,,,,,,,,,
30,,,,,,,Scratch,Double Kick,Tackle,Body Slam,Tail Whip,Poison Sting,Bite*,Growl,Supersonic,Counter,Toxic,Fury Swipes,Crunch,Flatter,Helping Hand,Superpower,Toxic Spikes,Earth Power,Sludge Wave,Chip Away,Scorching Sands,,,,,,,,,,,,,,,
32,,,,,,,Double Kick,Horn Attack,Fury Attack,Horn Drill,Tackle,Poison Sting,Leer,Peck,Toxic,Focus Energy,Flatter,Helping Hand,Toxic Spikes,Poison Jab,Earth Power,Captivate,,,,,,,,,,,,,,,,,,,,
42,,,,,,,Acid,Absorb,Mega Drain,Growth,Razor Leaf,Solar Beam,Poison Powder,Stun Spore,Sleep Powder,Petal Dance,Toxic,Giga Drain,Sweet Scent,Moonlight*,Lucky Chant,Grassy Terrain,Moonblast,Grassy Glide,,,,,,,,,,,,,,,,,,
44,,,,,,,Acid,Absorb,Mega Drain,Growth,Solar Beam,Poison Powder,Stun Spore,Sleep Powder,Petal Dance,Toxic,Giga Drain,Sweet Scent,Moonlight*,Aromatherapy,Petal Blizzard,Grassy Terrain,Moonblast,Grassy Glide,Corrosive Gas,,,,,,,,,,,,,,,,,
57,,,,,,,Take Down,Leer,Bite*,Roar,Ember,Flamethrower,Agility,Flame Wheel,Outrage,Crunch,Heat Wave,Helping Hand,Odor Sleuth,Howl,Flare Blitz,Fire Fang,Flame Burst,Retaliate,Play Rough,,,,,,,,,,,,,,,,,
59,,,,,,,Pound,Double Slap,Body Slam,Double-Edge,Water Gun,Hydro Pump,Bubble Beam,Hypnosis,Amnesia,Bubble,Belly Drum,Rain Dance,Mud Shot,Water Sport,Wake-Up Slap,Earth Power,Mud Bomb,,,,,,,,,,,,,,,,,,,
61,,,,,,,Pound,Double Slap,Body Slam,Double-Edge,Mist,Water Gun,Hydro Pump,Bubble Beam,Submission,Hypnosis,Haze,Bubble,Mind Reader,Belly Drum,Dynamic Punch,Rain Dance,Superpower,Bulk Up,Mud Shot,Earth Power,Circle Throw,Coaching,,,,,,,,,,,,,,
62,,,,,,,Teleport,,,,,,,,,,,,,,,,,,,,,,,,,,,,,,,,,,,
64,,,,,,,Disable,Psybeam,Confusion,Psychic,Hypnosis,Teleport,Night Shade,Recover,Barrier,Reflect,Kinesis,Flash,Encore,Future Sight,Trick,Role Play,Calm Mind,Miracle Eye,Psycho Cut,Zen Headbutt,Psyshock,Telekinesis,Ally Switch,Expanding Force,,,,,,,,,,,,
70,,,,,,,Swords Dance,Slam,Vine Whip,Wrap,Acid,Growth,Razor Leaf,Poison Powder,Stun Spore,Sleep Powder,Leech Life,Sweet Scent,Stockpile,Spit Up,Swallow,Knock Off,Leaf Blade,Gastro Acid,Sucker Punch,Poison Jab,Leaf Storm,Power Whip,Clear Smog,Leaf Tornado,,,,,,,,,,,,
72,,,,,,,Wrap,Poison Sting,Supersonic,Acid,Water Gun,Hydro Pump,Surf,Bubble Beam,Screech,Barrier,Haze,Constrict,Bubble,Acid Armor,Mirror Coat,Water Pulse,Brine,Wring Out,Toxic Spikes,Poison Jab,Sludge Wave,Acid Spray,Hex,Reflect Type,Corrosive Gas,,,,,,,,,,,
88,,,,,,,Pound,Disable,Toxic,Screech,Harden,Haze,Smog,Sludge,Poison Gas,Acid Armor,Sludge Bomb,Mud-Slap,Memento,Fling,Mud Bomb,Gunk Shot,Sludge Wave,Belch,Moonblast,Venom Drench,,,,,,,,,,,,,,,,
90,,,,,,,Tackle,Twineedle,Leer,Supersonic,Water Gun,Hydro Pump,Ice Beam,Aurora Beam,Withdraw,Barrier,Clamp,Spike Cannon,Spikes,Whirlpool,Icicle Spear,Iron Defense,Toxic Spikes,Ice Shard,Shell Smash,Razor Shell,Icicle Crash,Steel Roller,,,,,,,,,,,,,,
92,,,,,,,Toxic,Hypnosis,Night Shade,Confuse Ray,Lick,Smog,Dream Eater,Poison Gas,Nightmare,Curse*,Spite,Destiny Bond,Mean Look,Shadow Ball,Will-O-Wisp,Astonish,Shadow Punch,Payback,Sucker Punch,Dark Pulse,Venoshock,Hex,Skitter Smack,Poltergeist,Corrosive Gas,,,,,,,,,,,
94,,,,,,,Bind,Slam,Tackle,Double-Edge,Rock Throw,Earthquake,Dig,Rage,Screech,Harden,Rock Slide,Curse*,Sandstorm,Rollout,Dragon Breath,Iron Tail,Mud Sport,Rock Tomb,Sand Tomb,Gyro Ball,Rock Polish,Stone Edge,Smack Down,High Horsepower,Meteor Beam,Scorching Sands,Power Shift,,,,,,,,,
96,,,,,,,Pound,Headbutt,Disable,Psybeam,Confusion,Psychic,Hypnosis,Meditate,Barrier,Dream Eater,Poison Gas,Mind Reader,Nightmare,Swagger,Psych Up,Future Sight,Wake-Up Slap,Switcheroo,Nasty Plot,Zen Headbutt,Psyshock,Synchronoise,,,,,,,,,,,,,,
98,,,,,,,Vise Grip,Guillotine,Swords Dance,Slam,Stomp,Leer,Water Gun,Bubble Beam,Agility,Harden,Amnesia,Bubble,Crabhammer,Metal Claw,Mud Sport,Mud Shot,Hammer Arm,Brine,Wide Guard,Razor Shell,,,,,,,,,,,,,,,,
100,,,,,,,Tackle,Sonic Boom,Thunder Shock,Thunderbolt,Screech,Light Screen,Self-Destruct,Swift,Explosion,Rollout,Spark,Mirror Coat,Charge,Gyro Ball,Magnet Rise,Discharge,Charge Beam,Eerie Impulse,Magnetic Flux,,,,,,,,,,,,,,,,,
104,,,,,,,Swords Dance,Headbutt,Thrash,Double-Edge,Tail Whip,Leer,Growl,Rage,Screech,Focus Energy,Bone Club,Bonemerang,Mud-Slap,Bone Rush,False Swipe,Endeavor,Fling,Retaliate,Stomping Tantrum,Scorching Sands,,,,,,,,,,,,,,,,
110,,,,,,,Stomp,Sand Attack*,Horn Attack,Fury Attack,Horn Drill,Tackle,Take Down,Double-Edge,Tail Whip,Leer,Rock Throw,Earthquake,Rock Slide,Scary Face,Megahorn,Rock Smash,Rock Blast,Stone Edge,Smack Down,Chip Away,Bulldoze,Drill Run,High Horsepower,Scorching Sands,,,,,,,,,,,,
112,,,,,,,Pound,Double Slap,Take Down,Double-Edge,Tail Whip,Growl,Sing,Defense Curl,Light Screen,Egg Bomb,Soft-Boiled,Sweet Kiss*,Charm*,Helping Hand,Refresh,Covet,Calm Mind,Healing Wish,Fling,Last Resort,Echoed Voice,Heal Pulse,Bestow,Disarming Voice,Draining Kiss,Fairy Wind,Baby-Doll Eyes,Life Dew,,,,,,,,
124,,,,,,,Thunder Punch,Leer,Thunder Shock,Thunderbolt,Thunder Wave,Thunder,Quick Attack,Screech,Light Screen,Swift,Spark,Charge,Shock Wave,Giga Impact,Discharge,Rising Voltage,,,,,,,,,,,,,,,,,,,,
126,,,,,,,Vise Grip,Guillotine,Swords Dance,Bind,Thrash,Submission,Seismic Toss,Strength,Harden,Focus Energy,Slash,Vital Throw,Superpower,Revenge,Brick Break,X-Scissor,Bug Bite,Double Hit,Storm Throw,,,,,,,,,,,,,,,,,
129,,,,,,,Bind,Tackle,Thrash,Leer,Bite*,Hydro Pump,Hyper Beam,Dragon Rage,Rage,Waterfall,Splash,Scary Face,Outrage,Twister,Rain Dance,Crunch,Whirlpool,Dragon Dance,Water Pulse,Brine,Aqua Tail,Ice Fang,Dragon Tail,Hurricane,Scale Shot,Lash Out,,,,,,,,,,
132,,,,,,,Double Kick,Sand Attack*,Tackle,Take Down,Double-Edge,Tail Whip,Bite*,Growl,Quick Attack,Mimic,Focus Energy,Swift,Charm*,Baton Pass,Helping Hand,Refresh,Covet,Calm Mind,Trump Card,Last Resort,Baby-Doll Eyes,,,,,,,,,,,,,,,
138,,,,,,,Bind,Sand Attack*,Horn Attack,Leer,Bite*,Supersonic,Water Gun,Hydro Pump,Surf,Rock Throw,Withdraw,Bide,Spike Cannon,Constrict,Rock Slide,Rollout,Crunch,Ancient Power,Tickle,Mud Shot,Rock Blast,Brine,Shell Smash,Meteor Beam,,,,,,,,,,,,
